Width,Total Instructions,Total Cycles,IPC
8,6471,2938,2.202518720217835
16,6471,2098,3.0843660629170637
