Width,Total Instructions,Total Cycles,IPC
8,7298,3338,2.1863391252246855
16,7298,2402,3.038301415487094
