Width,Register Renaming,Instructions,Cycles,IPC
1,true,21522,64566,0.3333333333333333
1,false,21522,64566,0.3333333333333333
2,true,21522,32284,0.6666460166026514
2,false,21522,32284,0.6666460166026514
4,true,21522,17258,1.2470738208367134
4,false,21522,18008,1.1951354953354065
8,true,21522,11185,1.9241841752346893
8,false,21522,13641,1.5777435671871565
